Title,Episode,Image URL,Time
A Fight for Justice (2024),EP 7,https://dramacool.sh/wp-content/uploads/2024/08/a-fight-for-justice-1722826586-180x220.png,5 hours ago
Wind Direction (2024),EP 30,"data:image/png;base64,iVBORw0KGgoAAAANSUhEUgAAAAEAAAABCAYAAAAfFcSJAAAAAXNSR0IArs4c6QAAAARnQU1BAACxjwv8YQUAAAAJcEhZcwAADsQAAA7EAZUrDhsAAAANSURBVBhXYzh8+PB/AAffA0nNPuCLAAAAAElFTkSuQmCC",1 day ago
In Between (2024),EP 4,"data:image/png;base64,iVBORw0KGgoAAAANSUhEUgAAAAEAAAABCAYAAAAfFcSJAAAAAXNSR0IArs4c6QAAAARnQU1BAACxjwv8YQUAAAAJcEhZcwAADsQAAA7EAZUrDhsAAAANSURBVBhXYzh8+PB/AAffA0nNPuCLAAAAAElFTkSuQmCC",1 day ago
She and Her Girls (2024),EP 14,"data:image/png;base64,iVBORw0KGgoAAAANSUhEUgAAAAEAAAABCAYAAAAfFcSJAAAAAXNSR0IArs4c6QAAAARnQU1BAACxjwv8YQUAAAAJcEhZcwAADsQAAA7EAZUrDhsAAAANSURBVBhXYzh8+PB/AAffA0nNPuCLAAAAAElFTkSuQmCC",1 day ago
Glory of Love (2023),EP 233,"data:image/png;base64,iVBORw0KGgoAAAANSUhEUgAAAAEAAAABCAYAAAAfFcSJAAAAAXNSR0IArs4c6QAAAARnQU1BAACxjwv8YQUAAAAJcEhZcwAADsQAAA7EAZUrDhsAAAANSURBVBhXYzh8+PB/AAffA0nNPuCLAAAAAElFTkSuQmCC",1 day ago
The First Shot (2024),EP 32,"data:image/png;base64,iVBORw0KGgoAAAANSUhEUgAAAAEAAAABCAYAAAAfFcSJAAAAAXNSR0IArs4c6QAAAARnQU1BAACxjwv8YQUAAAAJcEhZcwAADsQAAA7EAZUrDhsAAAANSURBVBhXYzh8+PB/AAffA0nNPuCLAAAAAElFTkSuQmCC",1 day ago
SKY Castle (2024),EP 8,"data:image/png;base64,iVBORw0KGgoAAAANSUhEUgAAAAEAAAABCAYAAAAfFcSJAAAAAXNSR0IArs4c6QAAAARnQU1BAACxjwv8YQUAAAAJcEhZcwAADsQAAA7EAZUrDhsAAAANSURBVBhXYzh8+PB/AAffA0nNPuCLAAAAAElFTkSuQmCC",2 days ago
Geeks (2024),EP 11,"data:image/png;base64,iVBORw0KGgoAAAANSUhEUgAAAAEAAAABCAYAAAAfFcSJAAAAAXNSR0IArs4c6QAAAARnQU1BAACxjwv8YQUAAAAJcEhZcwAADsQAAA7EAZUrDhsAAAANSURBVBhXYzh8+PB/AAffA0nNPuCLAAAAAElFTkSuQmCC",2 days ago
Baseball Monsters,EP 98,https://dramacool.sh/wp-content/uploads/2023/09/baseball-monster-164x220.jpg,12 hours ago
Chosun Wedding,EP 56,https://dramacool.sh/wp-content/uploads/2024/02/chosun-wedding-1662922178.jpg,12 hours ago
Tobob Love,EP 127,https://dramacool.sh/wp-content/uploads/2023/08/tobob-love-180x220.png,13 hours ago
Public Love: Actressâ€™s Private Life (2024),EP 4,https://dramacool.sh/wp-content/uploads/2024/09/public-love-actresss-private-life-2024-1726094867-180x220.jpg,13 hours ago
Love After Divorce Season 6,EP 2,https://dramacool.sh/wp-content/uploads/2024/09/love-after-divorce-season-6-1726808423-180x220.jpg,2 days ago
